{"cameraMode":{"drawMode":0,"name":"Shaded","section":"Shading Mode"},"sceneLighting":true,"audioPlay":false,"sceneViewState":{"showFog":true,"showMaterialUpdate":false,"showSkybox":true,"showFlares":true,"showImageEffects":true,"showParticleSystems":true,"showVisualEffectGraphs":true,"m_FxEnabled":true},"in2DMode":false,"pivot":{"x":-0.015000000596046448,"y":0.46452975273132326,"z":0.17963135242462159},"rotation":{"x":0.033457837998867038,"y":0.9620829224586487,"z":-0.1383364051580429,"w":0.23268742859363557},"size":0.5597401261329651,"orthographic":false}